Workbook
Name break: 'break '!$A$1:$I$51
Name efficiency: 'efficiency '!$A$1:$P$51
Name overall_performance: 'overall performance '!$A$1:$J$51

Sheet break 
A1: Employee (ID) | B1: Lunch | C1: Feedback | D1: Training | E1: Meeting | F1: Unwanted Break | G1: Other Work | H1: Total Break Taken | I1: Normal Break
A2: Rahul Sharma (E001) | B2: 0.020833333 | C2: 0.0069444444 | D2: 0.013888889 | E2: 0.010416667 | F2: 0.0034722222 | G2: 0.0069444444 | H2: 0.0625 | I2: 0.0069444444
A3: Priya Singh (E002) | B3: 0.024305556 | C3: 0.0055555556 | D3: 0.017361111 | E3: 0.013888889 | F3: 0.0020833333 | G3: 0.0083333333 | H3: 0.071527778 | I3: 0.0055555556
A4: Amit Kumar (E003) | B4: 0.019444444 | C4: 0.0083333333 | D4: 0.010416667 | E4: 0.0069444444 | F4: 0.0055555556 | G4: 0.0055555556 | H4: 0.05625 | I4: 0.0083333333
A5: Neha Verma (E004) | B5: 0.027777778 | C5: 0.010416667 | D5: 0.020833333 | E5: 0.0125 | F5: 0.0027777778 | G5: 0.0069444444 | H5: 0.08125 | I5: 0.0048611111
A6: Rohit Gupta (E005) | B6: 0.022222222 | C6: 0.0048611111 | D6: 0.013888889 | E6: 0.017361111 | F6: 0.0041666667 | G6: 0.010416667 | H6: 0.072916667 | I6: 0.0069444444
A7: Anjali Mehta (E006) | B7: 0.017361111 | C7: 0.0069444444 | D7: 0.019444444 | E7: 0.0083333333 | F7: 0.0013888889 | G7: 0.00625 | H7: 0.059722222 | I7: 0.00625
A8: Sandeep Yadav (E007) | B8: 0.026388889 | C8: 0.0097222222 | D8: 0.0125 | E8: 0.011111111 | F8: 0.00625 | G8: 0.0076388889 | H8: 0.073611111 | I8: 0.0076388889
A9: Pooja Sharma (E008) | B9: 0.020833333 | C9: 0.00625 | D9: 0.015277778 | E9: 0.0097222222 | F9: 0.0034722222 | G9: 0.0090277778 | H9: 0.064583333 | I9: 0.0055555556
A10: Karan Singh (E009) | B10: 0.029166667 | C10: 0.0076388889 | D10: 0.022222222 | E10: 0.013888889 | F10: 0.0048611111 | G10: 0.0055555556 | H10: 0.083333333 | I10: 0.0090277778
A11: Vikas Jain (E010) | B11: 0.01875 | C11: 0.0041666667 | D11: 0.011111111 | E11: 0.0076388889 | F11: 0.0020833333 | G11: 0.0069444444 | H11: 0.050694444 | I11: 0.0041666667
A12: Sneha Gupta (E011) | B12: 0.023611111 | C12: 0.0090277778 | D12: 0.016666667 | E12: 0.011805556 | F12: 0.0069444444 | G12: 0.0097222222 | H12: 0.077777778 | I12: 0.0069444444
A13: Arjun Verma (E012) | B13: 0.020138889 | C13: 0.0055555556 | D13: 0.013194444 | E13: 0.015277778 | F13: 0.0027777778 | G13: 0.00625 | H13: 0.063194444 | I13: 0.00625
... A51: Kiran Gupta (E050) | B51: 0.026388889 | C51: 0.0069444444 | D51: 0.020833333 | E51: 0.013888889 | F51: 0.0034722222 | G51: 0.0097222222 | H51: 0.08125 | I51: 0.0083333333
I52: 0.00625

Sheet efficiency 
A1: Employee (ID) | B1: Total Working Hours | C1: Attended Calls | D1: Efficiency | E1: Active with Customer | F1: Active Time | G1: Other | H1: Not Working | I1: Call Keeping | J1: Break During Calls | K1: None Break | L1: Other Work | M1: Long Time | N1: Short Time | O1: Long Call | P1: No Hold
A2: Rahul Sharma (E001) | B2: 0.34424769 | C2: 45 | D2: 0.7854 | E2: 0.723 | F2: 0.8145 | G2: 0.042 | H2: 0.051 | I2: 0.038 | J2: 0.0215 | K2: 0.01 | L2: 0.05 | M2: 3 | N2: 18 | O2: 7 | P2: 24
A3: Priya Singh (E002) | B3: 0.36270833 | C3: 68 | D3: 0.8432 | E3: 0.784 | F3: 0.862 | G3: 0.035 | H3: 0.042 | I3: 0.031 | J3: 0.018 | K3: 0.008 | L3: 0.044 | M3: 5 | N3: 27 | O3: 11 | P3: 39
A4: Amit Kumar (E003) | B4: 0.33016204 | C4: 39 | D4: 0.7145 | E4: 0.682 | F4: 0.763 | G4: 0.051 | H4: 0.072 | I4: 0.043 | J4: 0.024 | K4: 0.012 | L4: 0.036 | M4: 2 | N4: 16 | O4: 6 | P4: 21
A5: Neha Verma (E004) | B5: 0.35475694 | C5: 72 | D5: 0.8945 | E5: 0.826 | F5: 0.913 | G5: 0.028 | H5: 0.035 | I5: 0.024 | J5: 0.012 | K5: 0.007 | L5: 0.035 | M5: 6 | N5: 31 | O5: 13 | P5: 46
A6: Rohit Gupta (E005) | B6: 0.37861111 | C6: 98 | D6: 0.9425 | E6: 0.884 | F6: 0.951 | G6: 0.018 | H6: 0.022 | I6: 0.015 | J6: 0.009 | K6: 0.004 | L6: 0.02 | M6: 8 | N6: 42 | O6: 18 | P6: 67
A7: Anjali Mehta (E006) | B7: 0.34765046 | C7: 54 | D7: 0.8163 | E7: 0.752 | F7: 0.846 | G7: 0.039 | H7: 0.054 | I7: 0.032 | J7: 0.019 | K7: 0.009 | L7: 0.049 | M7: 4 | N7: 22 | O7: 9 | P7: 31
A8: Sandeep Yadav (E007) | B8: 0.32552083 | C8: 42 | D8: 0.7482 | E8: 0.695 | F8: 0.782 | G8: 0.048 | H8: 0.069 | I8: 0.04 | J8: 0.023 | K8: 0.011 | L8: 0.032 | M8: 2 | N8: 17 | O8: 5 | P8: 25
A9: Pooja Sharma (E008) | B9: 0.37186343 | C9: 81 | D9: 0.9136 | E9: 0.853 | F9: 0.924 | G9: 0.023 | H9: 0.029 | I9: 0.02 | J9: 0.011 | K9: 0.005 | L9: 0.039 | M9: 7 | N9: 35 | O9: 15 | P9: 55
A10: Karan Singh (E009) | B10: 0.38215278 | C10: 105 | D10: 0.9642 | E10: 0.902 | F10: 0.971 | G10: 0.012 | H10: 0.018 | I10: 0.012 | J10: 0.006 | K10: 0.003 | L10: 0.021 | M10: 9 | N10: 48 | O10: 21 | P10: 74
A11: Vikas Jain (E010) | B11: 0.31982639 | C11: 35 | D11: 0.6875 | E11: 0.638 | F11: 0.724 | G11: 0.061 | H11: 0.082 | I11: 0.048 | J11: 0.027 | K11: 0.014 | L11: 0.04 | M11: 2 | N11: 14 | O11: 4 | P11: 18
A12: Sneha Gupta (E011) | B12: 0.35818287 | C12: 76 | D12: 0.8752 | E12: 0.801 | F12: 0.893 | G12: 0.031 | H12: 0.04 | I12: 0.028 | J12: 0.016 | K12: 0.007 | L12: 0.042 | M12: 6 | N12: 30 | O12: 12 | P12: 48
A13: Arjun Verma (E012) | B13: 0.33706019 | C13: 48 | D13: 0.7984 | E13: 0.736 | F13: 0.825 | G13: 0.043 | H13: 0.057 | I13: 0.035 | J13: 0.02 | K13: 0.01 | L13: 0.04 | M13: 3 | N13: 20 | O13: 8 | P13: 29
... A51: Kiran Gupta (E050) | B51: 0.3571875 | C51: 67 | D51: 0.8675 | E51: 0.809 | F51: 0.886 | G51: 0.031 | H51: 0.042 | I51: 0.027 | J51: 0.015 | K51: 0.007 | L51: 0.043 | M51: 5 | N51: 29 | O51: 12 | P51: 45
B52: 0.37613426 | C52: 91 | D52: 0.9376 | E52: 0.878 | F52: 0.949 | G52: 0.018 | H52: 0.026 | I52: 0.017 | J52: 0.009 | K52: 0.004 | L52: 0.034 | M52: 8 | N52: 40 | O52: 17 | P52: 64
B53: 0.34365741 | C53: 53 | D53: 0.8195 | E53: 0.757 | F53: 0.849 | G53: 0.039 | H53: 0.053 | I53: 0.032 | J53: 0.018 | K53: 0.009 | L53: 0.042 | M53: 4 | N53: 22 | O53: 9 | P53: 34

Sheet overall performance 
A1: Employee (ID) | B1: Attended Calls | C1: Transferred calls | D1: Conferenced Call | E1: Redirected Call | F1: Hold Calls | G1: % of Calls onHold | H1: Average Duration of Calls | I1: Avg. In Focus Hold Calls | J1: Calls Unattended Time
A2: Rahul Sharma (E001) | B2: 98 | C2: 0 | D2: 0 | E2: 0 | F2: 0.1029 | G2: 0 | H2: 0.0029282407 | I2: 1.1574074e-05 | J2: 0.00010416667
A3: Priya Singh (E002) | B3: 23 | C3: 0 | D3: 0 | E3: 0 | F3: 0.1029 | G3: 0 | H3: 0.0029282407 | I3: 1.1574074e-05 | J3: 0.00010416667
A4: Amit Kumar (E003) | B4: 28 | C4: 0.0147 | D4: 0 | E4: 0 | F4: 0.0735 | G4: 0 | H4: 0.0028935185 | I4: 0 | J4: 8.1018519e-05
A5: Neha Verma (E004) | B5: 29 | C5: 0.0147 | D5: 0 | E5: 0 | F5: 0.0735 | G5: 0 | H5: 0.0028935185 | I5: 0 | J5: 8.1018519e-05
A6: Rohit Gupta (E005) | B6: 93 | C6: 0.0833 | D6: 0 | E6: 0 | F6: 0.1667 | G6: 0.1 | H6: 0.0030671296 | I6: 0.00068287037 | J6: 0.00012731481
A7: Anjali Mehta (E006) | B7: 92 | C7: 0.0833 | D7: 0 | E7: 0 | F7: 0.1667 | G7: 0.1 | H7: 0.0030671296 | I7: 0.00068287037 | J7: 0.00012731481
A8: Sandeep Yadav (E007) | B8: 26 | C8: 0.0545 | D8: 0 | E8: 0.0179 | F8: 0.1091 | G8: 0 | H8: 0.0030787037 | I8: 0 | J8: 0.00016203704
A9: Pooja Sharma (E008) | B9: 90 | C9: 0.0545 | D9: 0 | E9: 0.0179 | F9: 0.1091 | G9: 0 | H9: 0.0030787037 | I9: 0 | J9: 0.00016203704
A10: Karan Singh (E009) | B10: 89 | C10: 0 | D10: 0 | E10: 0 | F10: 0.0682 | G10: 0 | H10: 0.0023842593 | I10: 3.4722222e-05 | J10: 0.00011574074
A11: Vikas Jain (E010) | B11: 54 | C11: 0 | D11: 0 | E11: 0 | F11: 0.0682 | G11: 0 | H11: 0.0023842593 | I11: 3.4722222e-05 | J11: 0.00011574074
A12: Sneha Gupta (E011) | B12: 87 | C12: 0 | D12: 0 | E12: 0 | F12: 0.0652 | G12: 0 | H12: 0.0027083333 | I12: 0.00059027778 | J12: 0.0003125
A13: Arjun Verma (E012) | B13: 65 | C13: 0 | D13: 0 | E13: 0 | F13: 0.0652 | G13: 0 | H13: 0.0027083333 | I13: 0.00059027778 | J13: 0.0003125
... A51: Kiran Gupta (E050) | B51: 45 | C51: 0.0625 | D51: 0 | E51: 0 | F51: 0.1111 | G51: 0.0625 | H51: 0.0029976852 | I51: 0.00025462963 | J51: 0.00016203704

Sheet summary 
A1: employee | B1: Emp name | C1: total number of working hours | D1: work eficiency | E1: total break taken | F1: Attended Calls | G1: Not Working
A2: Rahul Sharma (E001) | B2: =LEFT(A2,FIND("(",A2)-1) -> Rahul Sharma | C2: =VLOOKUP(A2,efficiency,2,0) -> 0.34424769 | D2: =VLOOKUP(A2,efficiency,4,0) -> 0.7854 | E2: =VLOOKUP(A2,break,8,0) -> 0.0625 | F2: =VLOOKUP(A2,efficiency,5,0) -> 0.723 | G2: 0.051
A3: ='break '!A3 -> Priya Singh (E002) | B3: =LEFT(A3,FIND("(",A3)-1) -> Priya Singh | C3: =VLOOKUP(A3,efficiency,2,0) -> 0.36270833 | D3: =VLOOKUP(A3,efficiency,4,0) -> 0.8432 | E3: =VLOOKUP(A3,break,8,0) -> 0.071527778 | F3: =VLOOKUP(A3,efficiency,5,0) -> 0.784 | G3: 0.042
A4: ='break '!A4 -> Amit Kumar (E003) | B4: =LEFT(A4,FIND("(",A4)-1) -> Amit Kumar | C4: =VLOOKUP(A4,efficiency,2,0) -> 0.33016204 | D4: =VLOOKUP(A4,efficiency,4,0) -> 0.7145 | E4: =VLOOKUP(A4,break,8,0) -> 0.05625 | F4: =VLOOKUP(A4,efficiency,5,0) -> 0.682 | G4: 0.072
A5: ='break '!A5 -> Neha Verma (E004) | B5: =LEFT(A5,FIND("(",A5)-1) -> Neha Verma | C5: =VLOOKUP(A5,efficiency,2,0) -> 0.35475694 | D5: =VLOOKUP(A5,efficiency,4,0) -> 0.8945 | E5: =VLOOKUP(A5,break,8,0) -> 0.08125 | F5: =VLOOKUP(A5,efficiency,5,0) -> 0.826 | G5: 0.035
A6: ='break '!A6 -> Rohit Gupta (E005) | B6: =LEFT(A6,FIND("(",A6)-1) -> Rohit Gupta | C6: =VLOOKUP(A6,efficiency,2,0) -> 0.37861111 | D6: =VLOOKUP(A6,efficiency,4,0) -> 0.9425 | E6: =VLOOKUP(A6,break,8,0) -> 0.072916667 | F6: =VLOOKUP(A6,efficiency,5,0) -> 0.884 | G6: 0.022
A7: ='break '!A7 -> Anjali Mehta (E006) | B7: =LEFT(A7,FIND("(",A7)-1) -> Anjali Mehta | C7: =VLOOKUP(A7,efficiency,2,0) -> 0.34765046 | D7: =VLOOKUP(A7,efficiency,4,0) -> 0.8163 | E7: =VLOOKUP(A7,break,8,0) -> 0.059722222 | F7: =VLOOKUP(A7,efficiency,5,0) -> 0.752 | G7: 0.054
A8: ='break '!A8 -> Sandeep Yadav (E007) | B8: =LEFT(A8,FIND("(",A8)-1) -> Sandeep Yadav | C8: =VLOOKUP(A8,efficiency,2,0) -> 0.32552083 | D8: =VLOOKUP(A8,efficiency,4,0) -> 0.7482 | E8: =VLOOKUP(A8,break,8,0) -> 0.073611111 | F8: =VLOOKUP(A8,efficiency,5,0) -> 0.695 | G8: 0.069
A9: ='break '!A9 -> Pooja Sharma (E008) | B9: =LEFT(A9,FIND("(",A9)-1) -> Pooja Sharma | C9: =VLOOKUP(A9,efficiency,2,0) -> 0.37186343 | D9: =VLOOKUP(A9,efficiency,4,0) -> 0.9136 | E9: =VLOOKUP(A9,break,8,0) -> 0.064583333 | F9: =VLOOKUP(A9,efficiency,5,0) -> 0.853 | G9: 0.029
A10: ='break '!A10 -> Karan Singh (E009) | B10: =LEFT(A10,FIND("(",A10)-1) -> Karan Singh | C10: =VLOOKUP(A10,efficiency,2,0) -> 0.38215278 | D10: =VLOOKUP(A10,efficiency,4,0) -> 0.9642 | E10: =VLOOKUP(A10,break,8,0) -> 0.083333333 | F10: =VLOOKUP(A10,efficiency,5,0) -> 0.902 | G10: 0.018
A11: ='break '!A11 -> Vikas Jain (E010) | B11: =LEFT(A11,FIND("(",A11)-1) -> Vikas Jain | C11: =VLOOKUP(A11,efficiency,2,0) -> 0.31982639 | D11: =VLOOKUP(A11,efficiency,4,0) -> 0.6875 | E11: =VLOOKUP(A11,break,8,0) -> 0.050694444 | F11: =VLOOKUP(A11,efficiency,5,0) -> 0.638 | G11: 0.082
A12: ='break '!A12 -> Sneha Gupta (E011) | B12: =LEFT(A12,FIND("(",A12)-1) -> Sneha Gupta | C12: =VLOOKUP(A12,efficiency,2,0) -> 0.35818287 | D12: =VLOOKUP(A12,efficiency,4,0) -> 0.8752 | E12: =VLOOKUP(A12,break,8,0) -> 0.077777778 | F12: =VLOOKUP(A12,efficiency,5,0) -> 0.801 | G12: 0.04
A13: ='break '!A13 -> Arjun Verma (E012) | B13: =LEFT(A13,FIND("(",A13)-1) -> Arjun Verma | C13: =VLOOKUP(A13,efficiency,2,0) -> 0.33706019 | D13: =VLOOKUP(A13,efficiency,4,0) -> 0.7984 | E13: =VLOOKUP(A13,break,8,0) -> 0.063194444 | F13: =VLOOKUP(A13,efficiency,5,0) -> 0.736 | G13: 0.057
A14: ='break '!A14 -> Nisha Kapoor (E013) | B14: =LEFT(A14,FIND("(",A14)-1) -> Nisha Kapoor | C14: =VLOOKUP(A14,efficiency,2,0) -> 0.37547454 | D14: =VLOOKUP(A14,efficiency,4,0) -> 0.9278 | E14: =VLOOKUP(A14,break,8,0) -> 0.073611111 | F14: =VLOOKUP(A14,efficiency,5,0) -> 0.869 | G14: 0.027
... A50: ='break '!A50 -> Ashish Yadav (E049) | B50: =LEFT(A50,FIND("(",A50)-1) -> Ashish Yadav | C50: =VLOOKUP(A50,efficiency,2,0) -> 0.36798611 | D50: =VLOOKUP(A50,efficiency,4,0) -> 0.9013 | E50: =VLOOKUP(A50,break,8,0) -> 0.077083333 | F50: =VLOOKUP(A50,efficiency,5,0) -> 0.842 | G50: 0.033
G51: 0.042
G52: 0.026
G53: 0.053

Sheet dashboard 
E1: Call center data set
A2: Report 1: working hours | D2: Report 2: Call percentage | G2: Report 3 : | H2: Total break taken | J2: Report 4 : | K2: Not Working
A3: Row Labels | B3: Total_number of working hours | D3: Row Labels | E3: Attended_Calls_percentage | G3: Row Labels | H3: Sum of total break taken | J3: Row Labels | K3: Not Working_during call
A4: Karan Singh | B4: 0.38215278 | D4: Karan Singh | E4: 0.902 | G4: Ayesha Khan | H4: 0.084722222 | J4: Isha Gupta | K4: 0.084
A5: Kavita Singh | B5: 0.38375 | D5: Kavita Singh | E5: 0.897 | G5: Divya Sharma | H5: 0.088194444 | J5: Nitin Kumar | K5: 0.078
A6: Ravi Yadav | B6: 0.3856713 | D6: Ravi Yadav | E6: 0.913 | G6: Harsh Verma | H6: 0.092361111 | J6: Tanya Singh | K6: 0.076
A7: Rohan Singh | B7: 0.38038194 | D7: Rohan Singh | E7: 0.894 | G7: Monika Singh | H7: 0.086111111 | J7: Vikas Jain | K7: 0.082
A8: Sahil Jain | B8: 0.38084491 | D8: Sahil Jain | E8: 0.901 | G8: Riya Sharma | H8: 0.084722222 | J8: (blank) | K8: 0.121
